model,f1_score,accuracy,version,is_best
Gradient Boosting,0.9981141181274827,0.9983739837398374,2,True
Random Forest,0.9951658976049221,0.9967479674796748,15,False
Lightgbm,0.9951658976049221,0.9967479674796748,15,False
