model,f1_score,accuracy,version,is_best
Random Forest,0.995230463980464,0.9967948717948718,18,True
Gradient Boosting,0.995230463980464,0.9967948717948718,5,False
Lightgbm,0.995230463980464,0.9967948717948718,18,False
