model,f1_score,accuracy,version,is_best
Gradient Boosting,0.9963295277334819,0.9963154016212233,7,True
Lightgbm,0.9963136915194604,0.9963154016212233,20,False
Random Forest,0.9911595263303177,0.9911569638909359,20,False
