model,mae,rmse,r2_score,is_best
Random Forest,0.0043006993006992926,0.02647072535272315,0.9985573661557049,True
Xgboost,0.0017016688361763954,0.03507112920483184,0.9974676370620728,False
Lightgbm,0.011558695246591233,0.04874639818903892,0.9951077403792562,False
