model,f1_score,accuracy,version,is_best
Random Forest,0.9951647411210953,0.9967479674796748,14,True
Gradient Boosting,0.9951647411210953,0.9967479674796748,1,False
Lightgbm,0.9951647411210953,0.9967479674796748,14,False
